,t1,t2,score
27980599,WASTE MANAGEMENT  INC,WASTE MANAGEMENT INC,0.047619047619047616
25211072,JPMORGAN CHASE & CO.,JPMORGAN CHASE & CO,0.05
37011926,PITNEY BOWES INC.,PITNEY BOWES INC,0.058823529411764705
34569943,CATERPILLAR INC.,CATERPILLAR INC,0.0625
22398127,"TELECOMMUNICATION SYSTEMS, INC.",TELECOMMUNICATION SYSTEMS INC,0.06451612903225806
926833,TELECOMMUNICATION SYSTEMS  INC.,TELECOMMUNICATION SYSTEMS INC,0.06451612903225806
24755531,BUTTERBALL  LLC,BUTTERBALL LLC,0.06666666666666667
463245,PERSPECTA INC.,PERSPECTA INC,0.07142857142857142
7065285,ALCATEL LUCENT,ALCATEL-LUCENT,0.07142857142857142
19813361,ENGILITY CORP.,ENGILITY CORP,0.07142857142857142
26613450,CITIGROUP INC.,CITIGROUP INC,0.07142857142857142
8860852,CONSOLIDATED EDISON  INC.,CONSOLIDATED EDISON INC,0.08
6056892,ANALYTICAL GRAPHICS  INC.,ANALYTICAL GRAPHICS INC,0.08
13818594,"ANALYTICAL GRAPHICS, INC.",ANALYTICAL GRAPHICS INC,0.08
7549101,GENCORP INC.,GENCORP INC,0.08333333333333333
28663817,CUMMINS INC.,CUMMINS INC,0.08333333333333333
3261595,GROUP W INC.,GROUP W INC,0.08333333333333333
8368778,TEXTRON INC.,TEXTRON INC,0.08333333333333333
31755440,HUMANA INC.,HUMANA INC,0.09090909090909091
17394255,SOLERS INC.,SOLERS INC,0.09090909090909091
892836,PFIZER INC.,PFIZER INC,0.09090909090909091
9700172,ROCKWELL COLLINS  INC.,ROCKWELL COLLINS INC,0.09090909090909091
29464369,AMERICAN APPAREL  INC.,AMERICAN APPAREL INC,0.09090909090909091
8688235,WASTE MANAGEMENT  INC.,WASTE MANAGEMENT INC,0.09090909090909091
37637588,"ROCKWELL COLLINS, INC.",ROCKWELL COLLINS INC,0.09090909090909091
3493879,"AMERICAN APPAREL, INC.",AMERICAN APPAREL INC,0.09090909090909091
25854929,EXELIS INC.,EXELIS INC,0.09090909090909091
33054306,DAVITA INC.,DAVITA INC,0.09090909090909091
31762962,FORCE PROTECTION  INC.,FORCE PROTECTION INC,0.09090909090909091
18251971,"WASTE MANAGEMENT, INC.",WASTE MANAGEMENT INC,0.09090909090909091
23656837,AMGEN INC.,AMGEN INC,0.1
11036498,ALERE INC.,ALERE INC,0.1
11101371,AT&T INC.,AT&T INC,0.1111111111111111
13676707,CRAY INC.,CRAY INC,0.1111111111111111
37092998,"BEARINGPOINT, INC.",BEARINGPOINT INC,0.1111111111111111
19938824,AAR CORP.,AAR CORP,0.1111111111111111
13645538,EMBLEMHEALTH  INC.,EMBLEMHEALTH INC,0.1111111111111111
8775892,STERICYCLE  INC.,STERICYCLE INC,0.125
23887066,"STERICYCLE, INC.",STERICYCLE INC,0.125
24909628,BAUER AG,BAYER AG,0.125
9946293,HEALTH NET  INC.,HEALTH NET INC,0.125
1103116,PRAGMATICS  INC.,PRAGMATICS INC,0.125
19311904,"PRAGMATICS, INC.",PRAGMATICS INC,0.125
32271671,BATTELLE MEMORIAL INSTITUTE INC,BATTELLE MEMORIAL INSTITUTE,0.12903225806451613
7662338,ALTEGRITY  INC.,ALTEGRITY INC,0.13333333333333333
3414710,ADVANCED ACOUSTIC CONCEPTS LLC,ADVANCED ACOUSTIC CONCEPTS,0.13333333333333333
4523636,CSP ENTERPRISES,COX ENTERPRISES,0.13333333333333333
32401652,BLACKROCK  INC.,BLACKROCK INC,0.13333333333333333
30069517,"MEDTRONIC, INC.",MEDTRONIC INC,0.13333333333333333
14705582,"ALTEGRITY, INC.",ALTEGRITY INC,0.13333333333333333
2371462,CORELOGIC  INC.,CORELOGIC INC,0.13333333333333333
677518,MEDTRONIC  INC.,MEDTRONIC INC,0.13333333333333333
21845720,"TIDEWATER, INC.",TIDEWATER INC,0.13333333333333333
20031908,TIDEWATER  INC.,TIDEWATER INC,0.13333333333333333
20562024,REGENERON PHARMACEUTICALS INC,REGENERON PHARMACEUTICALS,0.13793103448275862
2286734,DYNETICS  INC.,DYNETICS INC,0.14285714285714285
33664006,"WOOLPERT, INC.",WOOLPERT INC,0.14285714285714285
36225041,"DYNETICS, INC.",DYNETICS INC,0.14285714285714285
5974889,RES-CARE  INC.,RES-CARE INC,0.14285714285714285
11226916,WOOLPERT  INC.,WOOLPERT INC,0.14285714285714285
32537704,SAAB AB,SSAB AB,0.14285714285714285
37725652,KRATOS DEFENSE & SECURITY SOLUTIONS  INC.,KRATOS DEFENSE & SECURITY SOLUTIONS,0.14634146341463414
14157874,"KRATOS DEFENSE & SECURITY SOLUTIONS, INC.",KRATOS DEFENSE & SECURITY SOLUTIONS,0.14634146341463414
16816314,HONEYWELL INTERNATIONAL INC,HONEYWELL INTERNATIONAL,0.14814814814814814
28718043,FLORIDA TURBINE TECHNOLOGIES INC.,FLORIDA TURBINE TECHNOLOGIES,0.15151515151515152
27240496,HOLOGIC  INC.,HOLOGIC INC,0.15384615384615385
12810115,MAXIMUS  INC.,MAXIMUS INC,0.15384615384615385
19967564,PEPSICO  INC.,PEPSICO INC,0.15384615384615385
38732137,STANLEY  INC.,STANLEY INC,0.15384615384615385
16822965,PRICEWATERHOUSECOOPERS LLP,PRICEWATERHOUSECOOPERS,0.15384615384615385
23106418,"HOLOGIC, INC.",HOLOGIC INC,0.15384615384615385
30453201,METLIFE  INC.,METLIFE INC,0.15384615384615385
10495738,"MAXIMUS, INC.",MAXIMUS INC,0.15384615384615385
14629458,"METLIFE, INC.",METLIFE INC,0.15384615384615385
7806383,"AIR PRODUCTS AND CHEMICALS, INC.",AIR PRODUCTS & CHEMICALS INC,0.15625
18194579,AIR PRODUCTS AND CHEMICALS  INC.,AIR PRODUCTS & CHEMICALS INC,0.15625
2091422,TELEDYNE TECHNOLOGIES INC,TELEDYNE TECHNOLOGIES,0.16
8393106,AMERICAN ELECTRONICS INC,AMERICAN ELECTRONICS ASSN,0.16
2474161,VERSAR  INC.,VERSAR INC,0.16666666666666666
35239769,VENATORX PHARMACEUTICALS,VERTEX PHARMACEUTICALS,0.16666666666666666
6154786,"VERSAR, INC.",VERSAR INC,0.16666666666666666
27664499,U.S. BANCORP,US BANCORP,0.16666666666666666
17952930,ARCADIS N.V.,ARCADIS NV,0.16666666666666666
15989910,HUNTINGTON INGALLS INDUSTRIES  INC.,HUNTINGTON INGALLS INDUSTRIES,0.17142857142857143
1289889,SPECTRUM HEALTHCARE RESOURCES  INC.,SPECTRUM HEALTHCARE RESOURCES,0.17142857142857143
36354072,"HUNTINGTON INGALLS INDUSTRIES, INC.",HUNTINGTON INGALLS INDUSTRIES,0.17142857142857143
10983294,JACOBS ENGINEERING GROUP INC.,JACOBS ENGINEERING GROUP,0.1724137931034483
29785440,ECOLOGY AND ENVIRONMENT  INC.,ECOLOGY & ENVIRONMENT INC,0.1724137931034483
9291720,"ECOLOGY AND ENVIRONMENT, INC.",ECOLOGY & ENVIRONMENT INC,0.1724137931034483
21200442,THERMO FISHER SCIENTIFIC INC.,THERMO FISHER SCIENTIFIC,0.1724137931034483
26222402,MESSER CONSTRUCTION CO.,MESSER CONSTRUCTION,0.17391304347826086
31561910,SWANK ENTERPRISES,SSAB ENTERPRISES,0.17647058823529413
5114871,HONEYWELL INTERNATIONAL INC.,HONEYWELL INTERNATIONAL,0.17857142857142858
34508391,TORCH TECHNOLOGIES INC,TORCH TECHNOLOGIES,0.18181818181818182
10622879,CERBERUS CAPITAL MANAGEMENT  L.P.,CERBERUS CAPITAL MANAGEMENT,0.18181818181818182
3977873,NESTLE S.A.,NESTLE SA,0.18181818181818182
14069005,STANTEC INC,STANLEY INC,0.18181818181818182
31393944,"APPRIO, INC",APPRISS INC,0.18181818181818182
4069470,TRIWEST HEALTHCARE ALLIANCE CORP.,TRIWEST HEALTHCARE ALLIANCE,0.18181818181818182
12352007,FIDELITY NATIONAL FINANCIAL  INC.,FIDELITY NATIONAL FINANCIAL,0.18181818181818182
30231011,"FIDELITY NATIONAL FINANCIAL, INC.",FIDELITY NATIONAL FINANCIAL,0.18181818181818182
28013658,APPRIO  INC,APPRISS INC,0.18181818181818182
17978077,JONES LANG LASALLE INC,JONES LANG LASALLE,0.18181818181818182
10774114,VERIZON COMMUNICATIONS INC.,VERIZON COMMUNICATIONS,0.18518518518518517
10726668,ROCKWELL INTERNATIONAL CORP,ROCKWELL INTERNATIONAL,0.18518518518518517
4585070,"AMERICAN MARITIME HOLDINGS, INC.",AMERICAN MARITIME HOLDINGS,0.1875
6787556,AMERICAN MARITIME HOLDINGS  INC.,AMERICAN MARITIME HOLDINGS,0.1875
6074693,ENSIGN-BICKFORD INDUSTRIES  INC.,ENSIGN-BICKFORD INDUSTRIES,0.1875
31932632,"HORNBECK OFFSHORE SERVICES, INC.",HORNBECK OFFSHORE SERVICES,0.1875
15196094,HORNBECK OFFSHORE SERVICES  INC.,HORNBECK OFFSHORE SERVICES,0.1875
13758474,ROCHE HOLDING AG,ROCHE HOLDINGS,0.1875
4525511,CSP ENTERPRISES,SSAB ENTERPRISES,0.1875
900107,ADVANCED ACOUSTIC CONCEPTS  INC.,ADVANCED ACOUSTIC CONCEPTS,0.1875
15361156,COMTECH TELECOMMUNICATIONS CORP.,COMTECH TELECOMMUNICATIONS,0.1875
31808445,ARIES INFORMATION TECHNOLOGY SERVICES  LLC,HARRIS INFORMATION TECHNOLOGY SERVICES,0.19047619047619047
33274517,SIERRA HOLDINGS CORP.,SEARS HOLDINGS CORP,0.19047619047619047
26664370,ROYAL DUTCH SHELL PLC,ROYAL DUTCH SHELL,0.19047619047619047
21327219,PALANTIR TECHNOLOGIES INC.,PALANTIR TECHNOLOGIES,0.19230769230769232
13056973,EMERGENT BIOSOLUTIONS INC.,EMERGENT BIOSOLUTIONS,0.19230769230769232
1168943,"MANAGEMENT SERVICES GROUP, INC.",MANAGEMENT SERVICES GROUP,0.1935483870967742
25354332,EPSILON SYSTEMS SOLUTIONS  INC.,EPSILON SYSTEMS SOLUTIONS,0.1935483870967742
34777466,MANAGEMENT SERVICES GROUP  INC.,MANAGEMENT SERVICES GROUP,0.1935483870967742
25562401,MAXIM HEALTHCARE SERVICES  INC.,MAXIM HEALTHCARE SERVICES,0.1935483870967742
21785598,"EPSILON SYSTEMS SOLUTIONS, INC.",EPSILON SYSTEMS SOLUTIONS,0.1935483870967742
26793202,"MAXIM HEALTHCARE SERVICES, INC.",MAXIM HEALTHCARE SERVICES,0.1935483870967742
7290822,DAIRY FARMERS OF AMERICA  INC.,DAIRY FARMERS OF AMERICA,0.2
17413877,PRUDENTIAL FINANCIAL INC.,PRUDENTIAL FINANCIAL,0.2
11319500,MAGELLAN HEALTH SERVICES  INC.,MAGELLAN HEALTH SERVICES,0.2
23111373,FILCOR INC,NICOR INC,0.2
24161145,VIGOR INDUSTRIAL LLC,VIGOR INDUSTRIAL,0.2
13578929,SYCAN CORP,SCANA CORP,0.2
7840491,ENVIRONMENTAL CHEMICAL CORPORATION,ENVIRONMENTAL CHEMICAL CORP,0.20588235294117646
36069841,OCEAN SPRAY CRANBERRIES  INC.,OCEAN SPRAY CRANBERRIES,0.20689655172413793
1183546,POINT BLANK ENTERPRISES  INC.,POINT BLANK ENTERPRISES,0.20689655172413793
37276821,ALLIANT TECHSYSTEMS INC.,ALLIANT TECHSYSTEMS,0.20833333333333334
338328,GLAXOSMITHKLINE PLC,GLAXOSMITHKLINE,0.21052631578947367
3502560,EXIDE TECHNOLOGIES,PRIMEX TECHNOLOGIES,0.21052631578947367
3499407,EXIDE TECHNOLOGIES,UNITED TECHNOLOGIES,0.21052631578947367
6033877,NOVARTIS VACCINES AND DIAGNOSTICS  INC,NOVARTIS VACCINES & DIAGNOSTICS,0.21052631578947367
19073585,J.E. DUNN CONSTRUCTION GROUP  INC,JE DUNN CONSTRUCTION GROUP,0.21212121212121213
36440246,"J.E. DUNN CONSTRUCTION GROUP, INC",JE DUNN CONSTRUCTION GROUP,0.21212121212121213
2394000,MANAGEMENT & TRAINING CORPORATION,MANAGEMENT & TRAINING CORP,0.21212121212121213
28168580,"ENGINEERING AND SOFTWARE SYSTEM SOLUTIONS, INC.",ENGINEERING & SOFTWARE SYSTEMS SOLUTIONS,0.2127659574468085
307721,ENGINEERING AND SOFTWARE SYSTEM SOLUTIONS  INC.,ENGINEERING & SOFTWARE SYSTEMS SOLUTIONS,0.2127659574468085
8494589,LEVEL 3 COMMUNICATIONS  INC.,LEVEL 3 COMMUNICATIONS,0.21428571428571427
9761816,IAP WORLDWIDE SERVICES  INC.,IAP WORLDWIDE SERVICES,0.21428571428571427
37904255,"LEVEL 3 COMMUNICATIONS, INC.",LEVEL 3 COMMUNICATIONS,0.21428571428571427
36405698,VARIAN MEDICAL SYSTEMS  INC.,VARIAN MEDICAL SYSTEMS,0.21428571428571427
11295002,"VARIAN MEDICAL SYSTEMS, INC.",VARIAN MEDICAL SYSTEMS,0.21428571428571427
38624214,BERKSHIRE HATHAWAY INC.,BERKSHIRE HATHAWAY,0.21739130434782608
19751139,POLARIS INDUSTRIES INC.,POLARIS INDUSTRIES,0.21739130434782608
3351944,AMERICAN PHARMACISTS ASSOCIATION,AMERICAN PHARMACISTS ASSN,0.21875
34483802,EDUCATION MANAGEMENT CORPORATION,EDUCATION MANAGEMENT CORP,0.21875
10051668,BALFOUR BEATTY PLC,BALFOUR BEATTY,0.2222222222222222
6982892,"HDR, INC.",HDR INC,0.2222222222222222
3503911,EXIDE TECHNOLOGIES,ICX TECHNOLOGIES,0.2222222222222222
599447,BUNZL PLC,BNFL PLC,0.2222222222222222
8574018,RADIANCE TECHNOLOGIES  INC.,RADIANCE TECHNOLOGIES,0.2222222222222222
34005489,PRIDE INDUSTRIES,SPRINGS INDUSTRIES,0.2222222222222222
18588370,TOTAL SYSTEM SERVICES  INC.,TOTAL SYSTEM SERVICES,0.2222222222222222
13146934,"TOTAL SYSTEM SERVICES, INC.",TOTAL SYSTEM SERVICES,0.2222222222222222
20246447,UNITED PARCEL SERVICE  INC.,UNITED PARCEL SERVICE,0.2222222222222222
38684475,"RADIANCE TECHNOLOGIES, INC.",RADIANCE TECHNOLOGIES,0.2222222222222222
14759742,ESTERLINE TECHNOLOGIES CORP,LIFE TECHNOLOGIES CORP,0.2222222222222222
24233679,PEPCO ENERGY SERVICES  INC.,KEY ENERGY SERVICES INC,0.2222222222222222
320259,"KBR, INC.",KBR INC,0.2222222222222222
15914331,KBR  INC.,KBR INC,0.2222222222222222
4617041,"UNITED PARCEL SERVICE, INC.",UNITED PARCEL SERVICE,0.2222222222222222
19936468,AAR CORP.,AAI CORP,0.2222222222222222
33921000,GARNEY HOLDING COMPANY,GARNEY HOLDING CO,0.22727272727272727
12443561,PRUDENTIAL FINANCIAL  INC.,PRUDENTIAL FINANCIAL,0.23076923076923078
33020939,OWL COMPANIES,M-E COMPANIES,0.23076923076923078
32134940,VISTRONIX INC,TEKTRONIX INC,0.23076923076923078
33868698,CW GROUP INC,CITIGROUP INC,0.23076923076923078
33022140,OWL COMPANIES,CBC COMPANIES,0.23076923076923078
21242807,JAMISON PROFESSIONAL SERVICES INC.,HANSON PROFESSIONAL SERVICES,0.23529411764705882
11211170,HEWLETT PACKARD ENTERPRISE COMPANY,HEWLETT PACKARD ENTERPRISE,0.23529411764705882
9414886,QINETIQ GROUP PLC,QINETIQ GROUP,0.23529411764705882
27947218,ERNST & YOUNG LLP,ERNST & YOUNG,0.23529411764705882
26493744,ELBIT SYSTEMS LTD,ELBIT SYSTEMS,0.23529411764705882
18481001,ACTION FINANCIAL,REGIONS FINANCIAL,0.23529411764705882
3498893,EXIDE TECHNOLOGIES,TELEDYNE TECHNOLOGIES,0.23809523809523808
32061315,"CALIBRE SYSTEMS, INC.",CALIBER SYSTEM INC,0.23809523809523808
27456117,CALIBRE SYSTEMS  INC.,CALIBER SYSTEM INC,0.23809523809523808
15095464,BIOFIRE DIAGNOSTICS  INC.,BIOFIRE DIAGNOSTICS,0.24
20196905,AMERISOURCEBERGEN CORPORATION,AMERISOURCEBERGEN CORP,0.2413793103448276
5027446,DYNAMICS RESEARCH CORPORATION,DYNAMICS RESEARCH CORP,0.2413793103448276
34616909,BOSTON SCIENTIFIC CORPORATION,BOSTON SCIENTIFIC CORP,0.2413793103448276
6584026,"DTC ENGINEERS & CONSTRUCTORS, LLC",S&B ENGINEERS & CONSTRUCTORS,0.24242424242424243
18426805,DTC ENGINEERS & CONSTRUCTORS  LLC,S&B ENGINEERS & CONSTRUCTORS,0.24242424242424243
9422730,PATHFINDER INTERNATIONAL,ANIXTER INTERNATIONAL,0.25
28155840,ASC  INC,KSCW INC,0.25
38488797,LDSS INC,ADCS INC,0.25
9543492,ALPHASIX INC,ALPHABET INC,0.25
11083770,OCEAN SHIPHOLDINGS  INC.,OCEAN SHIPHOLDINGS,0.25
33019732,OWL COMPANIES,LOWE'S COMPANIES,0.25
18457106,MTU AMERICA INC.,SUNAMERICA INC,0.25
10563199,CAE INC,CREE INC,0.25
9425499,PATHFINDER INTERNATIONAL,BRINKER INTERNATIONAL,0.25
35374057,DEL MONTE FOODS  INC,DEL MONTE FOODS,0.25
2631832,MSOL INC,MSE INC,0.25
29013093,DOMINION RESOURCES  INC.,DOMINION RESOURCES,0.25
3650654,PEOPLES GAS,PEOPLES BANK,0.25
15361534,COMTECH TELECOMMUNICATIONS CORP.,ADVANCED TELECOMMUNICATIONS CORP,0.25
31060382,IB SOLUTIONS,EMSOLUTIONS,0.25
5906727,AHNTECH  INC,RENTECH INC,0.25
16309186,SALTCHUK RESOURCES  INC.,SALTCHUK RESOURCES,0.25
4658878,INTUITIVE SURGICAL  INC.,INTUITIVE SURGICAL,0.25
1518254,USEC INC,UST INC,0.25
7262369,AERO-METRIC  INC,AUTOMETRIC INC,0.25
16485105,SC&A INC,MCA INC,0.25
28159491,ASC  INC,ADCS INC,0.25
29194696,OGE ENERGY CORP.,UNS ENERGY CORP,0.25
30485230,IHS INC.,CHS INC,0.25
18484546,ACTION FINANCIAL,MELLON FINANCIAL,0.25
10520583,AMERICAN SYSTEMS CORPORATION,AMERICAN SYSTEMS CORP,0.25
34006792,PRIDE INDUSTRIES,PPG INDUSTRIES,0.25
14937953,JCB INC.,UCB INC,0.25
34004565,PRIDE INDUSTRIES,ITT INDUSTRIES,0.25
18484384,ACTION FINANCIAL,FULTON FINANCIAL,0.25
18914133,SOUTHERN COMPANY GAS,SOUTHERN CO GAS,0.25
8057351,SMITHS GROUP PLC,SMITHS GROUP,0.25
33870553,CW GROUP INC,UNIGROUP INC,0.25
7115144,AERO-METRIC INC.,AUTOMETRIC INC,0.25
8321836,"INTUITIVE SURGICAL, INC.",INTUITIVE SURGICAL,0.25
16483411,SC&A INC,HCA INC,0.25
3395822,CENTERPOINT ENERGY  INC.,CENTERPOINT ENERGY,0.25
30681750,SEV1TECH INC,RENTECH INC,0.25
34534033,YOUNG & RUBICAM INC.,YOUNG & RUBICAM,0.25
29114067,TORCH TECHNOLOGIES  INC.,TORCH TECHNOLOGIES,0.25
7702261,MTS3 INC,MSE INC,0.25
7545016,GENCORP INC.,EZCORP INC,0.25
10561426,CAE INC,CRAY INC,0.25
1518811,USEC INC,MSE INC,0.25
7548474,GENCORP INC.,WESCORP INC,0.25
38282727,NATIONAL COUNCIL FOR BEHAVIORAL HEALTH,NATIONAL ASSN FOR BEHAVIORAL HEALTHCARE,0.2564102564102564
27112346,NORTHROP GRUMMAN INFORMATION T,NORTHROP GRUMMAN INNOVATION SYSTEMS,0.2571428571428571
12418004,INTEGRATED SUPPORT SYSTEMS INC.,ENGINEERED SUPPORT SYSTEMS INC,0.25806451612903225
34098775,"LEADER COMMUNICATIONS, INC.",IHEARTCOMMUNICATIONS INC,0.25925925925925924
17976615,JONES LANG LASALLE INC,JONES LANG LASALLE AMERICAS,0.25925925925925924
35655149,SHI INTERNATIONAL CORP.,CHAMPION INTERNATIONAL CORP,0.25925925925925924
27761733,BSH MANAGEMENT SERVICES LLC,JJF MANAGEMENT SERVICES,0.25925925925925924
10448551,LEADER COMMUNICATIONS  INC.,IHEARTCOMMUNICATIONS INC,0.25925925925925924
37117953,ADVANCED CONCEPTS & TECHNOLOGIES INTERNATIONAL LLC,ADVANCED CONCEPTS & TECHNOLOGIES INTL,0.26
5474366,"BURNS & MCDONNELL, INC.",BURNS & MCDONNELL,0.2608695652173913
7684316,"OMNITEC SOLUTIONS, INC.",OMNOVA SOLUTIONS INC,0.2608695652173913
28796381,OMNITEC SOLUTIONS  INC.,OMNOVA SOLUTIONS INC,0.2608695652173913
10746484,NORTHWESTERN UNIVERSITY,NORTHWESTERN ENERGY,0.2608695652173913
29059811,BURNS & MCDONNELL  INC.,BURNS & MCDONNELL,0.2608695652173913
33126560,PUBLIC HEALTH INSTITUTE,ANIMAL HEALTH INSTITUTE,0.2608695652173913
7944239,HILL-ROM HOLDINGS  INC.,HILL-ROM HOLDINGS,0.2608695652173913
24941582,HMS HOLDINGS CORP.,SEARS HOLDINGS CORP,0.2631578947368421
74374,PPG INDUSTRIES INC.,PPG INDUSTRIES,0.2631578947368421
33386392,C2 TECHNOLOGIES INC,CA TECHNOLOGIES,0.2631578947368421
17626399,"SEWP SOLUTIONS, LLC",NEW SOLUTIONS PAC,0.2631578947368421
31561739,SWANK ENTERPRISES,SAMMONS ENTERPRISES,0.2631578947368421
37656475,CENTERRA GROUP  LLC,CENTERRA GROUP,0.2631578947368421
8622118,SEWP SOLUTIONS  LLC,NEW SOLUTIONS PAC,0.2631578947368421
31561025,SWANK ENTERPRISES,MIDLAND ENTERPRISES,0.2631578947368421
24900648,ARRAY INFORMATION TECHNOLOGY  INC.,HARRIS INFORMATION TECHNOLOGY SERVICES,0.2631578947368421
3931912,BOWHEAD INFORMATION TECHNOLOGY,BAE SYSTEMS INFORMATION TECHNOLOGY,0.2647058823529412
32210890,BINARY INFORMATION TECHNOLOGY,BAE SYSTEMS INFORMATION TECHNOLOGY,0.2647058823529412
35946663,ANDRIES & ASSOC,DANIELS & ASSOC,0.26666666666666666
35007642,OSI SYSTEMS INC,OSI SYSTEMS,0.26666666666666666
29089588,IHS GLOBAL INC.,JOY GLOBAL INC,0.26666666666666666
8574537,POTOMAC ELECTRIC POWER COMPANY,POTOMAC ELECTRIC POWER,0.26666666666666666
31460840,"SYGNETICS, INC.",DYNETICS INC,0.26666666666666666
2882996,SERCO GROUP PLC,SERCO GROUP,0.26666666666666666
27409636,BAE SYSTEMS PLC,BAE SYSTEMS,0.26666666666666666
14818526,SYGNETICS  INC.,DYNETICS INC,0.26666666666666666
3129595,STATE OF HAWAII,BANK OF HAWAII,0.26666666666666666
1875362,CURTISS-WRIGHT CORPORATION,CURTISS-WRIGHT CORP,0.2692307692307692
16663381,MID EASTERN BUILDERS  INC.,MASTER BUILDERS INC,0.2692307692307692
35646687,ACROW CORP OF AMERICA,LABORATORY CORP OF AMERICA,0.2692307692307692
37848587,AFOGNAK NATIVE CORPORATION,AFOGNAK NATIVE CORP,0.2692307692307692
7957612,KIMBERLY-CLARK CORPORATION,KIMBERLY-CLARK CORP,0.2692307692307692
32368884,CORP TEN INTERNATIONAL,YORK INTERNATIONAL,0.2727272727272727
32366765,CORP TEN INTERNATIONAL,BAXTER INTERNATIONAL,0.2727272727272727
34282295,VERISK ANALYTICS  INC.,VERISK ANALYTICS,0.2727272727272727
27198650,NAC INTERNATIONAL INC.,NACE INTERNATIONAL,0.2727272727272727
32369043,CORP TEN INTERNATIONAL,BRINKER INTERNATIONAL,0.2727272727272727
16801181,VENTECH SOLUTIONS INC.,ENERGYSOLUTIONS INC,0.2727272727272727
27834193,"HEBCO, INC.",HEMCON INC,0.2727272727272727
14772860,CACI INTERNATIONAL INC,NACE INTERNATIONAL,0.2727272727272727
14771654,CACI INTERNATIONAL INC,ACA INTERNATIONAL,0.2727272727272727
9130663,TRACE  INC.,TRANE INC,0.2727272727272727
13297080,"JOHNSON CONTROLS, INC.",JOHNSON CONTROLS,0.2727272727272727
38596793,REESE  INC,VERESEN INC,0.2727272727272727
32370626,CORP TEN INTERNATIONAL,COLLIERS INTERNATIONAL,0.2727272727272727
32368119,CORP TEN INTERNATIONAL,RPM INTERNATIONAL,0.2727272727272727
16692205,HEBCO  INC.,HEMCON INC,0.2727272727272727
35876671,SNA INTERNATIONAL  LLC,SNAC INTERNATIONAL,0.2727272727272727
32366274,CORP TEN INTERNATIONAL,ANIXTER INTERNATIONAL,0.2727272727272727
14072872,STANTEC INC,STAPLES INC,0.2727272727272727
490713,ALLEGHENY ENERGY  INC.,ALLEGHENY ENERGY,0.2727272727272727
13575751,SYCAN CORP,ENCANA CORP,0.2727272727272727
11836754,"VETERAN SOLUTIONS, INC",ENERGYSOLUTIONS INC,0.2727272727272727
32368922,CORP TEN INTERNATIONAL,MONDELEZ INTERNATIONAL,0.2727272727272727
32370012,CORP TEN INTERNATIONAL,JONES INTERNATIONAL,0.2727272727272727
13526751,JOHNSON CONTROLS  INC.,JOHNSON CONTROLS,0.2727272727272727
33321870,LINK TECHNOLOGIES INC,LIFE TECHNOLOGIES CORP,0.2727272727272727
27196285,NAC INTERNATIONAL INC.,SNAC INTERNATIONAL,0.2727272727272727
9599555,KPMG L.L.P.,KPMG LLP,0.2727272727272727
11595424,NU-WAY INC,CON-WAY INC,0.2727272727272727
28047435,"BECTON, DICKINSON AND COMPANY","BECTON, DICKINSON & CO",0.27586206896551724
3553023,EVERGREEN INFORMATION TECHNOLOGY SERVICES  INC.,HARRIS INFORMATION TECHNOLOGY SERVICES,0.2765957446808511
3502806,EXIDE TECHNOLOGIES,TORCH TECHNOLOGIES,0.2777777777777778
3502024,EXIDE TECHNOLOGIES,DELL TECHNOLOGIES,0.2777777777777778
3503867,EXIDE TECHNOLOGIES,L3 TECHNOLOGIES,0.2777777777777778
16924202,OMNICOM GROUP INC.,OMNICOM GROUP,0.2777777777777778
3501293,EXIDE TECHNOLOGIES,BWX TECHNOLOGIES,0.2777777777777778
3500793,EXIDE TECHNOLOGIES,MAXAR TECHNOLOGIES,0.2777777777777778
3503761,EXIDE TECHNOLOGIES,RADIX TECHNOLOGIES,0.2777777777777778
34008854,PRIDE INDUSTRIES,TRINITY INDUSTRIES,0.2777777777777778
234300,CISCO SYSTEMS INC.,CISCO SYSTEMS,0.2777777777777778
3503390,EXIDE TECHNOLOGIES,BALLY TECHNOLOGIES,0.2777777777777778
15898040,FORD MOTOR COMPANY,FORD MOTOR CO,0.2777777777777778
3743315,LEO A DALY COMPANY,LEO A DALY CO,0.2777777777777778
31562494,SWANK ENTERPRISES,WERNER ENTERPRISES,0.2777777777777778
22271331,ELBIT SYSTEMS LTD.,ELBIT SYSTEMS,0.2777777777777778
7044386,SMOOT CONSTRUCTION,IRBY CONSTRUCTION,0.2777777777777778
3139039,NUSTAR ENERGY L.P.,NUSTAR ENERGY,0.2777777777777778
34008408,PRIDE INDUSTRIES,POLARIS INDUSTRIES,0.2777777777777778
3501990,EXIDE TECHNOLOGIES,FMC TECHNOLOGIES,0.2777777777777778
31560793,SWANK ENTERPRISES,IPALCO ENTERPRISES,0.2777777777777778
3499717,EXIDE TECHNOLOGIES,CA TECHNOLOGIES,0.2777777777777778
7043691,SMOOT CONSTRUCTION,H&M CONSTRUCTION,0.2777777777777778
34006896,PRIDE INDUSTRIES,DRESSER INDUSTRIES,0.2777777777777778
38515470,SIERRA NEVADA CORPORATION,SIERRA NEVADA CORP,0.28
35237412,VENATORX PHARMACEUTICALS,REGENERON PHARMACEUTICALS,0.28
2520169,WEST ELECTRONICS INC,SYSTEMS & ELECTRONICS INC,0.28
35236871,VENATORX PHARMACEUTICALS,AMPHASTAR PHARMACEUTICALS,0.28
24339808,TRIAD NATIONAL SECURITY  LLC,TRUMAN NATIONAL SECURITY PROJECT,0.28125
20692049,INTEGRATED SUPPORT SYSTEMS  INC.,ENGINEERED SUPPORT SYSTEMS INC,0.28125
31517840,L3 TECHNOLOGIES  INC.,L3 TECHNOLOGIES,0.2857142857142857
10560771,CAE INC,MCA INC,0.2857142857142857
10564315,CAE INC,MSE INC,0.2857142857142857
22823566,TORRENT TECHNOLOGIES INC,MOUNTAINTOP TECHNOLOGIES INC,0.2857142857142857
2819112,CARDINAL HEALTH  INC.,CARDINAL HEALTH,0.2857142857142857
12009752,RED RIVER COMMUNICATIONS INC,GENERAL COMMUNICATION INC,0.2857142857142857
7001123,CENTURYTEL INC,CENTURYLINK,0.2857142857142857
10915552,MORPHO TRUST USA  INC,MORPHOTRUST USA,0.2857142857142857
14844450,"CARDINAL HEALTH, INC.",CARDINAL HEALTH,0.2857142857142857
20456368,PROLOGIC  INC.,HOLOGIC INC,0.2857142857142857
33595834,GROUPE CGI INC,GROUP W INC,0.2857142857142857
21802065,"DMC MANAGEMENT SERVICES, LLC",JJF MANAGEMENT SERVICES,0.2857142857142857
8494019,LEVEL 3 COMMUNICATIONS  INC.,GENERAL COMMUNICATION INC,0.2857142857142857
8198261,ROLLS-ROYCE GROUP PLC,ROLLS-ROYCE PLC,0.2857142857142857
33020275,OWL COMPANIES,RUAN COMPANIES,0.2857142857142857
5840202,AMG HEALTHCARE SERVICES  INC,KPH HEALTHCARE SERVICES,0.2857142857142857
31097611,GUIDENT TECHNOLOGIES INC,MOUNTAINTOP TECHNOLOGIES INC,0.2857142857142857
3503040,EXIDE TECHNOLOGIES,SENSIENT TECHNOLOGIES,0.2857142857142857
33021427,OWL COMPANIES,TRUE COMPANIES,0.2857142857142857
10559077,CAE INC,HCA INC,0.2857142857142857
33022592,OWL COMPANIES,HUNT COMPANIES,0.2857142857142857
26919678,CHG GROUP  INC,CITIGROUP INC,0.2857142857142857
3503589,EXIDE TECHNOLOGIES,RADIANCE TECHNOLOGIES,0.2857142857142857
9140715,DMC MANAGEMENT SERVICES  LLC,JJF MANAGEMENT SERVICES,0.2857142857142857
26016140,JDD INC,HDR INC,0.2857142857142857
38589788,AFFIRMA SOLUTIONS INC,OMNOVA SOLUTIONS INC,0.2857142857142857
3500162,EXIDE TECHNOLOGIES,INFINEON TECHNOLOGIES,0.2857142857142857
29928189,MIRACORP  INC.,IDACORP INC,0.2857142857142857
5930514,"MIRACORP, INC.",IDACORP INC,0.2857142857142857
37903685,"LEVEL 3 COMMUNICATIONS, INC.",GENERAL COMMUNICATION INC,0.2857142857142857
26615305,CITIGROUP INC.,UNIGROUP INC,0.2857142857142857
24181221,G-W MANAGEMENT SERVICES  LLC,JJF MANAGEMENT SERVICES,0.2857142857142857
10562743,CAE INC,CHS INC,0.2857142857142857
27119686,AMERITAC  INC.,AMERIPATH INC,0.2857142857142857
3501611,EXIDE TECHNOLOGIES,WESTWIND TECHNOLOGIES,0.2857142857142857
28054337,SOS INTERNATIONAL LLC,ASIS INTERNATIONAL,0.2857142857142857
14910119,X CORP SOLUTIONS INC.,OMNOVA SOLUTIONS INC,0.2857142857142857
28050791,SOS INTERNATIONAL LLC,SI INTERNATIONAL,0.2857142857142857
11167625,MASERGY COMMUNICATIONS  INC.,GENERAL COMMUNICATION INC,0.2857142857142857
15597741,EXPRESS SCRIPTS  INC.,EXPRESS SCRIPTS,0.2857142857142857
10562524,CAE INC,GAP INC,0.2857142857142857
25086447,QUANTITECH INC,MANNATECH INC,0.2857142857142857
12009136,RED RIVER COMMUNICATIONS INC,IHEARTCOMMUNICATIONS INC,0.2857142857142857
30850146,AERO FLITE INC,AEROFLEX INC,0.2857142857142857
20043768,NEW MOUNTAIN CAPITAL  L.L.C.,NEW MOUNTAIN CAPITAL,0.2857142857142857
17792625,"ARRAY INFORMATION TECHNOLOGY, INC.",HARRIS INFORMATION TECHNOLOGY SERVICES,0.2894736842105263
34917081,INTERNATIONAL AUTO LOGISTICS  LLC,INTERNATIONAL WAREHOUSE LOGISTICS ASSN,0.2894736842105263
1128732,PAE PROFESSIONAL SERVICES  INC.,PROFESSIONAL SERVICES COUNCIL,0.2903225806451613
12312609,STATE STREET CORPORATION,STATE STREET CORP,0.2916666666666667
21426142,PARADYME MANAGEMENT INC.,WASTE MANAGEMENT INC,0.2916666666666667
12242543,ITA INTERNATIONAL  LLC,RTI INTERNATIONAL METALS,0.2916666666666667
33718550,PCI COMMUNICATIONS  INC.,MCI COMMUNICATIONS,0.2916666666666667
35236268,VENATORX PHARMACEUTICALS,SUNOVION PHARMACEUTICALS,0.2916666666666667
35234513,VENATORX PHARMACEUTICALS,KING PHARMACEUTICALS,0.2916666666666667
35116949,MAGELLAN HEALTH  INC.,MAGELLAN HEALTH SERVICES,0.2916666666666667
9423768,PATHFINDER INTERNATIONAL,SWISHER INTERNATIONAL,0.2916666666666667
22824979,TORRENT TECHNOLOGIES INC,CORDANT TECHNOLOGIES,0.2916666666666667
27721483,KNOWLEDGE MANAGEMENT INC,WASTE MANAGEMENT INC,0.2916666666666667
9423221,PATHFINDER INTERNATIONAL,BAXTER INTERNATIONAL,0.2916666666666667
36533492,"PCI COMMUNICATIONS, INC.",MCI COMMUNICATIONS,0.2916666666666667
28472627,RSR INTERNATIONAL  LLC,RTI INTERNATIONAL METALS,0.2916666666666667
35236853,VENATORX PHARMACEUTICALS,DUPONT PHARMACEUTICALS,0.2916666666666667
9424769,PATHFINDER INTERNATIONAL,NAVISTAR INTERNATIONAL,0.2916666666666667
25653223,CFD RESEARCH CORPORATION,CFD RESEARCH CORP,0.2916666666666667
35234047,VENATORX PHARMACEUTICALS,ALEXION PHARMACEUTICALS,0.2916666666666667
26866240,TQI SOLUTIONS INC,NEW SOLUTIONS PAC,0.29411764705882354
31560035,SWANK ENTERPRISES,COX ENTERPRISES,0.29411764705882354
11640514,KRAFT FOODS INC.,KRAFT FOODS GROUP,0.29411764705882354
2232911,SAP AMERICA  INC.,SUNAMERICA INC,0.29411764705882354
17817148,FIRSTENERGY CORP.,UNS ENERGY CORP,0.29411764705882354
5636395,C2C SOLUTIONS INC,NEW SOLUTIONS PAC,0.29411764705882354
18479694,ACTION FINANCIAL,ASTORIA FINANCIAL,0.29411764705882354
3263128,JMA SOLUTIONS LLC,NEW SOLUTIONS PAC,0.29411764705882354
34004622,PRIDE INDUSTRIES,COOPER INDUSTRIES,0.29411764705882354
33025322,OWL COMPANIES,CORNELL COMPANIES,0.29411764705882354
9367669,VERENDRYE ELECTRIC COOPERATIVE INC,BERKELEY ELECTRIC COOPERATIVE,0.29411764705882354
2232782,SAP AMERICA  INC.,RAILAMERICA INC,0.29411764705882354
27235276,ECONOMETRICA  INC,COMERICA INC,0.29411764705882354
35111450,AERO-METRIC  INC.,AUTOMETRIC INC,0.29411764705882354
34007346,PRIDE INDUSTRIES,AMSTED INDUSTRIES,0.29411764705882354
27378405,DIRECT ENERGY SERVICES  LLC,KEY ENERGY SERVICES INC,0.2962962962962963
1503160,"ONEIDA COMMUNICATIONS, INC.",IHEARTCOMMUNICATIONS INC,0.2962962962962963
32820862,ONEIDA COMMUNICATIONS  INC.,IHEARTCOMMUNICATIONS INC,0.2962962962962963
23168791,IRIDIUM COMMUNICATIONS INC.,IHEARTCOMMUNICATIONS INC,0.2962962962962963
10773062,VERIZON COMMUNICATIONS INC.,GENERAL COMMUNICATION INC,0.2962962962962963
34441155,CLEAN ENERGY COMMUNICATIONS,CHARTER COMMUNICATIONS,0.2962962962962963
21256544,CAMRIS INTERNATIONAL INC.,CHAMPION INTERNATIONAL CORP,0.2962962962962963
32821478,ONEIDA COMMUNICATIONS  INC.,GENERAL COMMUNICATION INC,0.2962962962962963
10449167,LEADER COMMUNICATIONS  INC.,GENERAL COMMUNICATION INC,0.2962962962962963
34099391,"LEADER COMMUNICATIONS, INC.",GENERAL COMMUNICATION INC,0.2962962962962963
10727012,ROCKWELL INTERNATIONAL CORP,CHAMPION INTERNATIONAL CORP,0.2962962962962963
16815894,HONEYWELL INTERNATIONAL INC,ROCKWELL INTERNATIONAL,0.2962962962962963
1503776,"ONEIDA COMMUNICATIONS, INC.",GENERAL COMMUNICATION INC,0.2962962962962963
15050572,UNIVERSITY OF OKLAHOMA,UNIVERSITY OF SOUTH ALABAMA,0.2962962962962963
